title,authors,journal,year,topic,drive_url
A Newly Observed November Dispersal of Juvenile Salamandra infraimmaculata from a Stone-Structured Breeding Site in Northern Israel,"Gad Degani, Gad Ish-Am",JournalofZoology,2026,,https://drive.google.com/file/d/1DX7YQth_LEHj7bVAMq_bVGf9A2pD3gVd/view?usp=drivesdk
Early Molecular Sex Determination before Gonadal Differentiation in Russian Sturgeon (Acipenser gueldenstaedtii): Mechanisms and Recent Advances,Gad Degani,"Journal of Animal Sciences, 2026, 16(1), 89-96",2026,,https://drive.google.com/file/d/1m_tP67z77fKjKQsLzH79z69pv3OBT80U/view?usp=drivesdk
Epitranscriptomic variation in banded newts (Ommatotriton vittatus) across life stages and sexes in the semi-arid habitat in northern Israel,Ari Meerson,ScienceDirect,2026,,https://drive.google.com/file/d/1nh6w6m2g59GUdRmuXdPccXcP4lnh9Kdi/view?usp=drivesdk
Variation of Colors in Amphibians: Adaptive Strategies in Natural Habitats from Mediterranean Climate to a Desert Environment in Israel,Gad Degani,"Journal of Animal Sciences, 2025, 15(4), 382-401",2025,,https://drive.google.com/file/d/1yMNZiGDfFjdyPkBLtPmNvpZ5846UEnju/view?usp=drivesdk
"Life Cycle Observations of the Palestine Sunbird (Cinnyris osea) in Karmiel, Israel",Gad Degani,"Journal of Animal Sciences, 2025, 15(4), 332-338",2025,,https://drive.google.com/file/d/1rDkL4rw02q5EhmDbZ7deWJqfC2r7tdtu/view?usp=drivesdk
"Life Cycle Observations of the Palestine Sunbird (Cinnyris osea) in Karmiel, Israel",Gad Degani,"Journal of Animal Sciences, 2025, 15(4), 332-338",2025,,https://drive.google.com/file/d/1T_2oNgFKeAhyCl1YvdgOuhxOOWDHMii6/view?usp=drivesdk
"Biological Research Efforts for Regional Development: Waste management, Aquaculture, and Mushroom Cultivation as case studies",Dan Levanon,nature reserves.,2025,,https://drive.google.com/file/d/1_97eAm3KTv2VndzHSeaG2ry_n_jPesAZ/view?usp=drivesdk
Development of an Applied Academic Research Institute by a Group of Researchers from,"Gad Degani, Dan Levanon","Journal of Applied Sciences, 2025, 15(9), 2568-2575",2025,,https://drive.google.com/file/d/1Z0bIUPbUc0agfdlADUtSaXq5c5NFQHpx/view?usp=drivesdk
"Open Journal of Applied Sciences, 2025, 15(9), *-*",Development of an Applied Academic Research,"Journal of Applied Sciences, 2025, 15(9), *-*",2025,,https://drive.google.com/file/d/1OGiELj7bjnM_8yzP3wvcPcfWybP8xx8p/view?usp=drivesdk
"Scientific Research and Higher Education as A Lever for Bottom-Up Regional Development-The Case of The Upper Galilee, Israel",Dan Levanon and Gad Degani,Review Article,2025,,https://drive.google.com/file/d/1G3IhzyhuXOkn1qld0SIHGv7fZYF6RXi0/view?usp=drivesdk
"Scientific Research and Higher Education as A Lever for Bottom-Up Regional Development-The Case of The Upper Galilee, Israel",Dan Levanon and Gad Degani,Review Article,2025,,https://drive.google.com/file/d/13lGpVOstsWf9VIwyAAaI8opdozfiiyDr/view?usp=drivesdk
Identification of a New Stage in Salamandra infraimmaculata Metamorphosis,Gad Degani,"Journal of Animal Sciences, 2025, 15(3), 235-242",2025,,https://drive.google.com/file/d/13oKqTsr_f0NKyjdh93bXqUUaMHvfQEPk/view?usp=drivesdk
"A Qualitative Model Demonstrating the Adaptation of Amphibians to Semi-Arid and Arid Habitats: Comparing the Green Toad Bufotes sitibundus (Pallas, 1771) and Pelophylax bedriagae (Camerano, 1882)",Gad Degani,"ScienceandTechnology,Tel-HaiAcademicCollege,QiryatShemona1220800,Israel",2024,,https://drive.google.com/file/d/1TS-ZEXPKykBiMsgYLfrcbAmGHRgDUhz6/view?usp=drivesdk
Sex Differences in the Brain Transcriptomes of Adult Blue Gourami Fish (Trichogaster trichopterus),Gad Degani and Ari Meerson,"Sciences,Tel-HaiAcademicCollege,UpperGalilee1220800,Israel",2024,,https://drive.google.com/file/d/1rnfovCmF04L4Jp-By-ID4LA7pJVrlCd5/view?usp=drivesdk
Differences in Ecological and Genetic Adaptations between Salamandra infraimmaculata and Ommatotriton vittatus,Gad Degani,"Journal of Animal Sciences, 2024, 14, 183-193",2024,,https://drive.google.com/file/d/1L0C_cHhuJJfxsr_lS3AVwajBbJVQikOd/view?usp=drivesdk
Biological Adaptations of,test,reviews or,2024,,https://drive.google.com/file/d/1QH2zhiRPF5n2I6VJoOxySvS5-k_6ybms/view?usp=drivesdk
Biological Adaptations of,test,reviews or,2024,,https://drive.google.com/file/d/1sEA6qGqXbeewo6C1qKb4FD71kwaPWroe/view?usp=drivesdk
Transcriptome variation in banded newt (Ommatotriton vittatus) during its life cycle and habitat transition,Gad Degani,ScienceDirect,2024,,https://drive.google.com/file/d/1Hl2QBsHxpQt4s0-PZbQjWgSEitcoeHFQ/view?usp=drivesdk
Skin Mucus Metabolites in Salamandra Infraimmaculata from Various Habitats,Sanaa Musa,"Science and Technology, Tel-Hai Academic College, Kiryat",2023,,https://drive.google.com/file/d/1GvEebh-OotzRg0KlX1v0-oH5vg5r88Wn/view?usp=drivesdk
Chapter 7,S,"Science and Technology, Tel-Hai Academic College, Galile, Israel.",2016,,https://drive.google.com/file/d/1bt4BV_HBHkOTzPiQCVhdC7WkrFK1fhzp/view?usp=drivesdk
Chapter 6,S,"Science and Technology, Tel-Hai Academic College, Kiryat Shmona, Israel.",,,https://drive.google.com/file/d/17jRw7rqXq7zrrHn2Xb6BpcGfrz_VQVwL/view?usp=drivesdk
Correlation between Kisspeptin 2 and its,S,"Science and Technology, Tel-Hai Academic College, Upper Galilee-12210, Israel .",,,https://drive.google.com/file/d/1mD6PLYcwU5KpB5suFyR1HynT8F2v3id3/view?usp=drivesdk
The Creation of the Faculty of Sciences and Technology at Tel-Hai Academic College Marks a Significant Milestone in the Development of a University in the Northeastern Region of Israel,"Gad Degani, Dan Levanon, Yehuda Levy",journal/ce,2023,,https://drive.google.com/file/d/1pky6wjiuSlXilstJP8UT2qd5D2V4FKBa/view?usp=drivesdk
Eastern Fire Salamander (Salamandra infraimmaculata) Skin Mucus Metabolites – LC-MS/MS Analysis,Research Article,"Science and Technology, Tel-Hai",2023,,https://drive.google.com/file/d/1YOgbbZ0WCJxoTVnquQb00NTRwmNatV9Y/view?usp=drivesdk
Eastern Fire Salamander (Salamandra inf... Mucus Metabolites  LC-MS_MS Analysis,ÒÓ ÓÒàÙ,,,,https://drive.google.com/file/d/1xs9pua7bkVewbq-amdX_Yaym0iWdy8l9/view?usp=drivesdk
International Journal of Multidisciplinary and Current,Windows User,Journal of Multidisciplinary and Current,2023,,https://drive.google.com/file/d/1ScWZVstLTCTL1KHEmB8hVnVLdFlguu9j/view?usp=drivesdk
The Yellow Spot Pattern of Salamander (Salamandra infraimmaculata) in Various Habitats at the Southern Border of Its Distribution in Israel,"Gad Degani, Gad Ish Am, Amit Biran Ish Am, Neria Yatom, Amir Marshansky, Sivan Margalit, Eitan Nissim, Hava Goldstein, Niva Shaked","Journal of Animal Sciences, 2023, 13, 114-125",2023,,https://drive.google.com/file/d/1CtceJ9_7vQ4wfANiNfI71Zlyw2hbRYxM/view?usp=drivesdk
"External And Internal Factors Affecting Growth and Sex Differentiation in European Eels, anguilla Anguilla",Gad Degani*,Review ISSN: 2833-0307,2022,,https://drive.google.com/file/d/1gw3zqPHehTRtth6vRRfKfkly_TDI5OmB/view?usp=drivesdk
"Sturgeon (Acipenser gueldenstaedtii) Acclimatization to Optimal Growth Conditions—A Case Study of Adaptation, Nutrition, Reproduction, and Sex Determination",Gad Degani,"Journal of Animal Sciences, 2022, 12, 629-661",2022,,https://drive.google.com/file/d/1gBM2BanrO3uW91JXfnz0kWSXHBpp6PjJ/view?usp=drivesdk
Whole-Genome Inter-Sex Variation in Russian Sturgeon (Acipenser gueldenstaedtii),"Gad Degani, Michal Nevo Sarel, Akram Hajouj, Avshalom Hurvitz, Isana Veksler-Lublinsky and Ari Meerson",Journal o f,2022,,https://drive.google.com/file/d/1IT5_2iPox5MJ-Tv-qyFpyEtAqBxmrpeL/view?usp=drivesdk
A Business Analysis of Innovations in Aquaculture: Evidence from Israeli Sturgeon Caviar Farm,Gad Degani and Gregory Yom Din,"Sciences,Tel-HaiCollege,UpperGalilee,KiryatShmona1220800,Israel",1970,,https://drive.google.com/file/d/16hk38XGPba_c2lZtAhqF0P4iIcOZPjQZ/view?usp=drivesdk
SALAMANDRA SALAMANDRA,"Tel-Hai College School of Science and Technology, Israel","Science and Technology, Israel",1996,,https://drive.google.com/file/d/1Kehgh2-bUAwhEXzT6PAuKFIsJQJ1ClKI/view?usp=drivesdk
Gad Degani books found online are free to download,Gad,,1995,,https://drive.google.com/file/d/1f-SwzhpRVgECW8ajOhcoUAec6jDAEyjh/view?usp=drivesdk
Vitellogenin Level in the Plasma of Russian Sturgeon (Acipenser gueldenstaedtii) Northern Israel,"Degani G,Hurvitz A,Levavi-Sivan B","Science and Technology, Tel-Hai Academic College, Galilee, Israel",2017,,https://drive.google.com/file/d/1GNUaU2Yr5iY2TI9FuOOpri-vbb-NkEs2/view?usp=drivesdk
Interaction of Sexual Behavior,and Hormone Gene,reviews or scholarly analysis. Use in connection with any form of,2022,,https://drive.google.com/file/d/19Lmj7s61GpJMZ0Pb7j5YzdygWK-i8xBl/view?usp=drivesdk
Changes in Tree Frog (Hyla savignyi) Coloration in Unstable Habitats at the Southern Border of Its Distribution,Gad Degani,"Journal of Animal Sciences, 2022, 12, 68-75",2022,,https://drive.google.com/file/d/13D3XdZYESaurkyrTODcYIFCY1X3P4Wk0/view?usp=drivesdk
Interaction of Sexual Behavior,Administrator,reviews or scholarly analysis. Use in connection with any form of,2022,,https://drive.google.com/file/d/1aPHhh4hShp2D4P1gMzqx163h3YnmExC4/view?usp=drivesdk
RESEARCH ON NEW FISH SPECIES FOR,"MIGAL - Galilee Technological Center Ltd., P.O. Box 831, Kiryat Shmona 11016, Israel","Science and Technology, Israel.",2005,,https://drive.google.com/file/d/1pEMCs_x43zWugy-wTz36tzbiy8fkGdLg/view?usp=drivesdk
"Academic Research, Higher Education, and Peripheral Development: The Case of Israel","Gad Degani, Dan Levanon and Gregory Yom Din","sciences,plantsciences,precisionagriculture,",2021,,https://drive.google.com/file/d/10lN2E1ruo5BCzXa2HJGT9JFmNa_EZQd1/view?usp=drivesdk
Markers of Genetic Variation in Blue Gourami (Trichogaster trichopterus) as a Model for Labyrinth Fish,"Gad Degani, Isana Veksler-Lublinsky and Ari Meerson",Review,2021,,https://drive.google.com/file/d/1Z7UgCD2pB-8ZN-KOf_uKCoo3ySQOH9sv/view?usp=drivesdk
Markers of Genetic Variation in Blue Gourami (Trichogaster trichopterus) as a Model for Labyrinth Fish,"Gad Degani, Isana Veksler-Lublinsky and Ari Meerson",Review,2021,,https://drive.google.com/file/d/186o0OgVeQNeGIjnR98LRP1mVLY45ERHA/view?usp=drivesdk
Type of the Paper (Article,MDPI,Review,2019,,https://drive.google.com/file/d/1m36XDIAINCeb6lKENnLZCuALajaEkYLf/view?usp=drivesdk
Sex-Based Variation of Gene Expression in the Gonads and Fins of Russian Sturgeon (Acipenser gueldenstaedtii),"Gad Degani, Akram Hajouj, Avshalom Hurvitz","Journal of Animal Sciences, 2021, 11, 1-10",2021,,https://drive.google.com/file/d/1Xse-4wmWeVwy4ofS_NlXpR-_qrqzhV-q/view?usp=drivesdk
"Oocyte maturation triggered by the presence of male in the Blue Gourami, Trichogaster trichopterus",Oocyte Maturation Triggered by the Presence of Male in the,JOURNAL OF MORPHOLOGY 22O:l-9 (1994),1994,,https://drive.google.com/file/d/1uY-p-A2ugvW1s2pOObQPnO5jAK1JQxdD/view?usp=drivesdk
General and Comparative Endocrinologyxxx(xxxx)xxx-xxx,General and Comparative Endocrinology,ScienceDirect,2008,,https://drive.google.com/file/d/1-MdGQLZAeZH2u93Si31vV_U0gPCE_mq7/view?usp=drivesdk
Economic Evaluation of Early Sex Determination for Farmed Russian Sturgeon: The Case of Northern Israel,"Gregory Yom Din, Gad Degani",journal/me,2020,,https://drive.google.com/file/d/15Ot3oeL7K3XxguPWZ9P9gEMGCwQ67qxS/view?usp=drivesdk
A Qualitative Model of the Interaction of Sexual Behavior and Hormone Gene Transcription in Male Blue Gourami during Reproduction,Gad Degani,"Journal of Biophysical Chemistry, 2020, 11, 43-50",2020,,https://drive.google.com/file/d/18xUTRUzHSb2KoZGiF4m8uIlbdVsculmy/view?usp=drivesdk
"Volume-9, Issue-1 Jan-Mar-2019 Coden:IJPAJX-CAS-USA, Copyrights@2019 ISSN-2231-4490",DOI: 10.21276/Ijpaes http://dx.doi.org/10.21276/ijpaes Research Article,"Science and Technology, Tel-Hai Academic College, KiryatShmona, Israel",2019,,https://drive.google.com/file/d/1sP9Wd8oDyJFcf27uSD9uxcHMje6n6lDV/view?usp=drivesdk
"Molecular characterization of two Russian sturgeon gonadotropin receptors_ Cloning, expression analysis, and functional activity",Ishwar Atre,ScienceDirect,2020,,https://drive.google.com/file/d/1mmHNxoHouOhc3qp-AggSrcirCYLdW-5M/view?usp=drivesdk
biology,Brain Control Reproduction by the Endocrine System,Review,,,https://drive.google.com/file/d/1euhMjmqWSDrPu96LsFOyo4x6VyP4IklJ/view?usp=drivesdk
Microsoft Word - biology-791680-original.docx,MDPI,Review,2020,,https://drive.google.com/file/d/1GV3zExkqJnNEBpLsbgQeWzV1t-JpUNzH/view?usp=drivesdk
Vitellogenesis in Blue Gourami is Accompanied by Brain Transcriptome Changes,"Gad Degani, Amir Alon, Akram Hajouj and Ari Meerson","Sciences,Tel-HaiAcademicCollege,UpperGalilee1220800,Israel;amiralon83@yahoo.com(A.A.);",1995,,https://drive.google.com/file/d/1Q8X8ZXDpJn--YjMp-adPxVtsww-tPLYs/view?usp=drivesdk
THE FIRE SALAMANDRA,Administrator,"Science and Technology, Tel-Hai Academic College, Kiryat Shmona, Israel",2019,,https://drive.google.com/file/d/1C7HsdYqRFA-GA0_pCWNRNtu0tHCFkSBf/view?usp=drivesdk
THE FIRE SALAMANDRA,Administrator,"Science and Technology, Tel-Hai Academic College, Kiryat Shmona, Israel",2019,,https://drive.google.com/file/d/1cz3wq4x8ReepMN8veI0VD19fSzzgCv1T/view?usp=drivesdk
Damage to Salamandra infraimmaculata Populations by Human Activity in Creating Water Pits Is a Death Trap in Semi-Arid Habitats,"Gad Degani, Udi Grosman, Tali Goldberg, Nadav Hanegbi","Journal of Animal Sciences, 2019, 9, 23-34",2019,,https://drive.google.com/file/d/176dpPj5RqrGlrz7FRoRjE42mJKm7Jfqe/view?usp=drivesdk
Sex-related gonadal gene expression differences in the Russian sturgeon (Acipenser gueldenstaedtii) grown in stable aquaculture conditions,Gad Degani,Science 200 (2019) 75–85,2019,,https://drive.google.com/file/d/1-5M-vy3SmpZnIdfFT1QZRfU0e29C1xao/view?usp=drivesdk
"International Journal of Zoological Investigations Vol. 4, No. 1, 31-40 (2018)",International Journal of Zoological,"Journal of Zoological Investigations Vol. 4, No. 1, 31-40 (2018)",2018,,https://drive.google.com/file/d/1uNpMUIHXPYKqpOnJx5fqSd7PJlJuxD2F/view?usp=drivesdk
"International Journal of Zoological Investigations Vol. 4, No. 1, 11-20 (2018)",home,"Journal of Zoological Investigations Vol. 4, No. 1, 11-20 (2018)",2018,,https://drive.google.com/file/d/1-h631K4fYIztlbkfXP02YfRPGZWsneFR/view?usp=drivesdk
"International Journal of Zoological Investigations Vol. 4, No. 1, 11-20 (2018)",home,"Journal of Zoological Investigations Vol. 4, No. 1, 11-20 (2018)",2018,,https://drive.google.com/file/d/1N7bh5Nk2f5okxWgAbF2j_LILHx0H8goT/view?usp=drivesdk
50ca6d7b-d71d-406d-ac39-3d556572cc2d.pdf,Soda PDF Online,"Journal of Zoological Investigations Vol. 3, No. 2, 106-122 (2017)",2017,,https://drive.google.com/file/d/1I8f1V4NflOkZ7YG0Djqsha94VOq7wfWn/view?usp=drivesdk
Sex Steroids,Steroids Controlled by Various,"Science and Technology, Tel-Hai Aca-",2017,,https://drive.google.com/file/d/1YXQsvImU1EqZ_fcKVsN5JGdQpqArnp7b/view?usp=drivesdk
"Ecological, Biological, Behavioral and Genetic Adaptation to Xeric Habitats of Triturus Vittatus Vittatus (Urodela) on the Southern Border of its Distribution",Gad Degani,"Science and Technology, Tel-Hai Academic College, Kiryat Shmona, Israel",2017,,https://drive.google.com/file/d/1jaqk1UMuUgvT3KKvTlhhKw3hg82flrdo/view?usp=drivesdk
"Universal Journal of Agricultural Research 5(2): 119-124, 2017 http://www.hrpub.org",Transcription of Insulin-like Growth Factor Receptor in,"Journal of Agricultural Research 5(2): 119-124, 2017 http://www.hrpub.org",2017,,https://drive.google.com/file/d/1E4C1Ncy2zDOEseLDTM2eqP_yxj_XwFU3/view?usp=drivesdk
"Ecological, Biological and Genetic Adaptation to Xeric Habitats of Salamandra infraimmaculata on the Southern Border of Its Distribution",Gad Degani,"Journal of Animal Sciences, 2017, 7, 70-92",2017,,https://drive.google.com/file/d/1p-NL1EA1mxbTQpm97JbqeOnMQ7bAY1Pt/view?usp=drivesdk
Books free,Gad,,2005,,https://drive.google.com/file/d/1cpN93PQ6-4vijrhlCqYSW8KBk8k3jTpQ/view?usp=drivesdk
Gonadotropins in the Russian Sturgeon: Their Role in Steroid Secretion and the Effect of Hormonal Treatment on Their Secretion,"Svetlana Yom-Din, Lian Hollander-Cohen, Joseph Aizen, Benjamin Boehm, Michal Shpilman, Matan Golan, Avshalom Hurvitz, Gad Degani, Berta Levavi-Sivan","Sciences,TheRobertH.SmithFacultyofAgriculture,FoodandEnvironment,The",2016,,https://drive.google.com/file/d/1F4aU4xDrp7_ZDEanMAmNhnJ8uH3Pd07N/view?usp=drivesdk
A Model of Hormonal and Environmental Involvement in Growth and Sex Differentiation in European Eel (Anguilla anguilla),Gad Degani,journal/abc,2016,,https://drive.google.com/file/d/12OELzris-I04SdIKSDrijj_Z_YugZCH_/view?usp=drivesdk
Original Research Paper Original Research Paper,Oogenesis Control in Multi-Spawning,Science,2016,,https://drive.google.com/file/d/1GAmkOIBHwmhSlWo_nZ_hQRDaqlW3t897/view?usp=drivesdk
The Relationship between Quality of Teaching and Student Evaluations: The Case of an Academic Course in Endocrinology,Gad Degani,journal/vp,2016,,https://drive.google.com/file/d/1YpewHn3Pe0er1acG2ImaZ3RlAtTh_eI_/view?usp=drivesdk
Male Blue Gourami (Trichogaster trichopterus) Nest-Building Behavior Is Affected by Other Males and Females,"Gad Degani, Michael Bar Ziv","Journal of Animal Sciences, 2016, 6, 195-201",2016,,https://drive.google.com/file/d/1s-LtsDQHO9BuJZsWB0IGWeg6B4l8xKfh/view?usp=drivesdk
Male Blue Gourami (Trichogaster trichopterus) Nest-Building Behavior Is Affected by Other Males and Females,"Gad Degani, Michael Bar Ziv","Journal of Animal Sciences, 2016, 6, 195-201",2016,,https://drive.google.com/file/d/1FoiQRmwtDBscT8kOXLdLaIbz22SL9fcV/view?usp=drivesdk
"The Habitats, Burrowing Behavior, Physiology Adaptation and Life Cycle of Spadefoot Toads (Pelobates syriacus, Boettger, 1869) at the Southern Limit of Its Distribution in Israel",Gad Degani,"Journal of Animal Sciences, 2015, 5, 249-257",2015,,https://drive.google.com/file/d/1ck6D1eXYYJFlmy_ih4cy5d_znip-OumA/view?usp=drivesdk
Somatolactin Transcription during Oogenesis in Female Blue Gourami (Trichogaster trichopterus),Gad Degani,journal/abc,2015,,https://drive.google.com/file/d/1K_yfaNazB3a_NhKAm7kK-9UQ2t6xVwKa/view?usp=drivesdk
American Open Animal Science Journal,Gad,Science Journal,2015,,https://drive.google.com/file/d/16AvAfuLPc7TITa3mz7PFw5kZH9ifpoQn/view?usp=drivesdk
"Cannibalism, among Other Solutions of Adaption, in Habitats Where Food Is Not Available for Salamandra infraimmaculata Larvae Diet in Breeding Places in Xeric Habitats",Gad Degani,"Journal of Animal Sciences, 2016, 6, 31-41",2016,,https://drive.google.com/file/d/100rn_oED1CWdaoYeo8sLpuieF3pYCOX_/view?usp=drivesdk
Microsoft Word - AB-Gad-format,lj,"Journal of Biology; Vol. 8, No. 1; 2016",2016,,https://drive.google.com/file/d/1wvEYoSFihw2i-wKqEFesl5A4lpjAH6i2/view?usp=drivesdk
Proposed Method for Evaluating the Relevance of Publications by Faculty Members from Tel-Hai Academic College Compared to the Academic Status of Full Professors in the Same Field in Israeli Research Universities,Gad Degani,journal/vp,2015,,https://drive.google.com/file/d/1a3ty_PMNTmD6D9U1EtOPsDOvanlW36ca/view?usp=drivesdk
Proposed Method for Evaluating the Relevance of Publications by Faculty Members from Tel-Hai Academic College Compared to the Academic Status of Full Professors in the Same Field in Israeli Research Universities,Gad Degani,journal/vp,2015,,https://drive.google.com/file/d/1J5V1InX6EAulZICyE448pJWgsgambQQm/view?usp=drivesdk
Research Paper,"The Habitats, Life Cycle and Physiological",Science,2016,,https://drive.google.com/file/d/19v6Tml_2gP-KBAtpJJMqnrInjW-NAiVd/view?usp=drivesdk
Research Paper,,Science,2015,,https://drive.google.com/file/d/10ySY8QUCPqnERLNlqq4cF8JGDS7OnDP4/view?usp=drivesdk
"The Effect of Light and Soil Moisture on the Environmental Behavior of Newts (Triturus vittatus vittatus, Urodela)",Gad Degani,"Journal of Animal Sciences, 2015, 5, 411-417",2015,,https://drive.google.com/file/d/1FpbVwgKXEVbVHD6Sf-t1oU00xayw-n6L/view?usp=drivesdk
World Open Journal of Educational Research,Gad,Journal of Educational Research,2015,,https://drive.google.com/file/d/1x9B8yMbWrn8tuVscOsMh9TY2HLXg84js/view?usp=drivesdk
"PDF995, Job 44",rutis,,2005,,https://drive.google.com/file/d/1awSEVpAJCO-OhJ3eWsY39_FssWfE2glu/view?usp=drivesdk
Layout Final-Ruf,Administrator,"Science and Technology, Tel-Hai College, Upper Galilee, Israel",2005,,https://drive.google.com/file/d/14GD1qqrpm6nEY7xoof72zNHsEA5zx4F_/view?usp=drivesdk
BLUE GOURAMI,"Tel-Hai College School of Science and Technology, Israel","Science and Technology, Israel",2001,,https://drive.google.com/file/d/1Ksio4Jcr_HYbCR-FMtWsNRzfyiBlk9_5/view?usp=drivesdk
"Gonadotropin gene expression, steroids plasma level and gonad development in Russian sturgeon (Acipenser gueldenstaedtii) grow",A,"Sciences, Department of Animal Sciences, the",2001,,https://drive.google.com/file/d/1acO5Z0NQwmmZsKFt7OarOvdS0x3TA8c5/view?usp=drivesdk
Expression of SOX3 and SOX9 Genes in Gonads of Blue Gourami,Gad Degani,journal/abc,2014,,https://drive.google.com/file/d/1ChBQj70SfQKF9qWrpnQcTOcrelzslPu1/view?usp=drivesdk
"DNA Variation of Capoeta damascina (Valenciennes, 1842) in Three Rivers in Northern Israel",Gad Degani,"Journal of Biophysical Chemistry, 2014, 5, 107-117",2014,,https://drive.google.com/file/d/1cHnyEcCuk7VdBTXdrZZCg0i1i8biRAtY/view?usp=drivesdk
"Journal of Asian Scientific Research, 2014, 4(8): 413-427",Sonic,"Journal of Asian Scientific Research, 2014, 4(8): 413-427",2014,,https://drive.google.com/file/d/1EDKoqwtZ3b5pq3GOVQDz8rqRdxAQE72r/view?usp=drivesdk
Genetic variation in Salamandra infraimmaculata from different habitats using amplified fragment length polymorphism,"Gad Degani, Tali Goldberg, Eviatar Nevo","Journal of Biophysical Chemistry, 2014, 5, 54-66",2014,,https://drive.google.com/file/d/1zT2xAxdFI6_2ga8XJxR4bE-qQEGZH3N_/view?usp=drivesdk
Involvement of GnRH and Gonadotropin Genes in Oocyte Development of Blue Gourami Females (Trichogaster trichopterus),Gad Degani,journal/abc,2014,,https://drive.google.com/file/d/1IR-gX34Yi1Mf4RcrbFzEPKCAtx6aDApb/view?usp=drivesdk
"PDF995, Job 15",rutis,,2005,,https://drive.google.com/file/d/1svQXD5Fospw8hco_I6IBai1MJgz3hKar/view?usp=drivesdk
"? GtH-I, ? GtH-II and growth hormone gene expression in the female blue gourami (Trichogaster trichopterus, Pallas 1770)...",gadi,"Science and Technology,",2004,,https://drive.google.com/file/d/1l4CxQpP-iaOeMW0-jhy9poSWCsTUuFxM/view?usp=drivesdk
Microsoft Word - Prolactin Expression and cDNA Cloning of Blue Gourami.doc,gad,,2005,,https://drive.google.com/file/d/1jSYBfgDXJQaleYqtz_ul82VtnWjUslrz/view?usp=drivesdk
Merav Ziv Symposium Eel Envir. sex detrmination,Gad,"Symposium topics and recipients of Merav Ziv Award for Excellence in Ecology,",2007,,https://drive.google.com/file/d/15K8hUYZwZfV-TwbKrdChG-3hHot0ejSR/view?usp=drivesdk
EEs Pargu 24-28 April 2010 090110 ECE12 PRP acc,Gad,"Science and Technology, Tel-Hai Academic College, Upper Galilee 12210, Israel",2010,,https://drive.google.com/file/d/1-245tB6LPfse20JhwtwYdN6u1s4maHNT/view?usp=drivesdk
"2009 Zoogeography, Ecology and Evolution Eastern Mediterrnean",Gad,"Science and Technology, Tel Hai Academic College, Galilee 12210, Israel",2009,,https://drive.google.com/file/d/1MjU_J31aKfJkXI7zvFPGWQmUyHu_V_3P/view?usp=drivesdk
12S and cytochrome b DNA sequence analysis in 6 species belong Anabantoidei fish,Gad,"Science and Biotechnologies, 68(43-50)/2011",2011,,https://drive.google.com/file/d/1BdVCKa65SU903i5CA1Ys8B8RwPKXkEjU/view?usp=drivesdk
Zoology U H DNA amphibian larva,Gad,"Science and Technology, Tel Hai Academic College, Upper Galilee 12210, Israel.",2012,,https://drive.google.com/file/d/1jIj-5Dtqf6u9DG9Jen4DUGDniG2lu6kV/view?usp=drivesdk
World Herpetology DNA ampibian Israel 2012,Gad,"Science and Technology, Tel Hai Academic College, Upper Galilee 12210, Israel.",2012,,https://drive.google.com/file/d/1Q73jeK6KtN3t0qBiFfs2Y86kLrDbMaBj/view?usp=drivesdk
Underground Water with High NaCl Concentration Affects Brain and 21 1 2012,Gad,"Science and Technology, Tel-Hai Academic College, Upper Galilee, Israel",,,https://drive.google.com/file/d/1ZolqQ4-yq-IWL88b2y4j_-VR5muwRqI2/view?usp=drivesdk
ICAR abstract 2012 Growth and Reproduction Trichogaster,Gad,"Science and Technology, Tel-Hai Academic College, Upper Galilee, Israel; 2MIGAL-Galilee",2012,,https://drive.google.com/file/d/1_3ni251tvqkha0Wnix-q51iOJ-9d3ZQs/view?usp=drivesdk
SEH 17th European Congress of Herpetology,Gad,"Science and Technology, Tel Hai Academic College, Upper Galilee 12210, Israel.",2013,,https://drive.google.com/file/d/171NReIP_ZQdLHo0y4SffVFYAHg2FdBZP/view?usp=drivesdk
Amphibian DNA habitats Berlin 2,Gad,"Conference on Behaviour, Physiology and Genetics of Wildlife, 2013",2013,,https://drive.google.com/file/d/1EdoeeoDFP1S82PFKRfypj0mwXe8hayA1/view?usp=drivesdk
2011 FSH LH GH PRL Testis Bul. Anm. Biotec,Gad,"Science and Biotechnologies, 68(43-50)/2011",2011,,https://drive.google.com/file/d/17G_D2z3N_2d9fcPkuW6AqK_YVfViB7rq/view?usp=drivesdk
American Open Animal Science Journal,Gad,Science Journal,2013,,https://drive.google.com/file/d/1aOuOqWFAzaet66tYpKyN3DQh7Fl0gKya/view?usp=drivesdk
Ovarian Cycle in Triturus vittatus vittatus (Urodela) from Various Breeding sites near the Southern Limit of its Distribution,user,Science Journal,2013,,https://drive.google.com/file/d/1Sk306_aFTDMgN8xcYiolNgwK8y3-0orF/view?usp=drivesdk
American Open Animal Science Journal,Mohammad Rashid,Science Journal,2013,,https://drive.google.com/file/d/1v1D8NzOVhDBaG9kBI7xBox7nqDq-QV8V/view?usp=drivesdk
"Advances in Biological Chemistry, 2013, 3, 440-447 ABC",http://dx.doi.org/10.4236/abc.2013.35047 Published Online October 2013 (http://www.scirp.org/journal/abc/),journal/abc/),2013,,https://drive.google.com/file/d/1ky2VhBYUPiIT-CSSwhbHMOr2VTnOdBBL/view?usp=drivesdk
DNA variations of the green toad Pseudepidalea viridis (syn. Bufo viridis) from various habitats,Gad Degani,"ScienceandTechnology,Tel-HaiCollege,UpperGalilee12210,",1993,,https://drive.google.com/file/d/1DAODwPCxVIs-VrTEtpTMXrXAerNA1MEc/view?usp=drivesdk
Research Open Journal of Animal Sciences,Gad,Journal of Animal Sciences,2013,,https://drive.google.com/file/d/1HBh6sJR2fu5ySSW9Q_VY7uOms6fgnrIm/view?usp=drivesdk
Research Open Journal of Animal Sciences,Gad,Journal of Animal Sciences,2013,,https://drive.google.com/file/d/1VxGVwHxQ0vb_5GiohJzT6H0sZnDbVbYt/view?usp=drivesdk
The role of brain peptides in the reproduction of blue gourami males (Trichogaster trichopterus),The Role of Brain Peptides in the,"ScienceandTechnology,Tel‐HaiCollege,UpperGalilee,Israel",2013,,https://drive.google.com/file/d/15VDZshxfhpB8vngOU4tmCeuhrdEbsJe9/view?usp=drivesdk
"The FSH , LH subunits and growth hormone of the Ayu (Plecoglosus altivelis): analysis of their cDNA sequences and expression during the gonads maturation of females",Migal,Journal of Fisheries and Aquaculture,2013,,https://drive.google.com/file/d/1GiAEjFvMtHoUq0OzNKgXseJ3FNQNPvAo/view?usp=drivesdk
"Advances in Biological Chemistry, 2013, 3, 347-355 ABC",doi:10.4236/abc.2013.33039 Published Online June 2013 (http://www.scirp.org/journal/abc/),journal/abc/),2013,,https://drive.google.com/file/d/1DjdSVHUarVaB9SgJpuPzxNQPnPT0aeXO/view?usp=drivesdk
"Advances in Biological Chemistry, 2013, 3, 133-140 ABC",doi:10.4236/abc.2013.31016 Published Online February 2013 (http://www.scirp.org/journal/abc/),journal/abc/),2013,,https://drive.google.com/file/d/1tM5TEMoebdubic4ECs538SK4JWqFjxDc/view?usp=drivesdk
"Vol.3, No.3, 249-255 (2012) Journal of Biophysical Chemistry","Dani Bercovich1,2, Sigal Korem1,2, Lior Shauder2, Gad Degani2,3*",Journal of Biophysical Chemistry,2012,,https://drive.google.com/file/d/1T8DKH0F-5N5o8EE73iw_3KAEAgt6Wgqo/view?usp=drivesdk
"Involvement of GnRH, PACAP and PRP in",the Reproduction of Blue Gourami Females,Journal of Molecular Neuroscience,2012,,https://drive.google.com/file/d/1tlY00GFn69q2noHBLaGqjoKlt7wsmVTb/view?usp=drivesdk
Molecular DNA variation in Hyla felixarabica from various breeding sites in northern Israel,Gad DEGANI,"Science and Technology, Tel Hai Academic College, Upper Galilee 12210, Israel",2012,,https://drive.google.com/file/d/1dgpluy5E-Eyun5IcbkpnH7-4YAVaRA3_/view?usp=drivesdk
Zoological Studies 51(3): 345-361 (2012),Phenotypic Plasticity in Larval Development of Six Amphibian Species,"Sciences and Science Education, University of Haifa, Haifa 31905, Israel",2012,,https://drive.google.com/file/d/19eJQHfO-EtY4koS4coB35ep7a-dSlrnr/view?usp=drivesdk
Microsoft Word - AHR 2010-002.doc,zyt,"Science and Technology, Tel Hai Academic College, Upper Galilee, Israel",2010,,https://drive.google.com/file/d/11MjzG1PSDbKaXywR3y0qr286Wrv828Y7/view?usp=drivesdk
JMolNeurosci,of Blue Gourami Females (Trichogaster trichopterus),"Science+BusinessMedia,LLC2012",2009,,https://drive.google.com/file/d/1HiH6sysldZ-f9wjRcWVZ8MqfPvdi57dd/view?usp=drivesdk
"Water and ecological conditions of striped newt, Triturus v. vittatus (Urodela), breeding sites at various altitudes near the southern limit of its distribution",Oren PEARLSON,"Science and Technology, Tel Hai Academic College, Upper Galilee 12210, Israel.",2011,,https://drive.google.com/file/d/1EljUq_Tk8s9XP7x7asmAL5xpRao88pCo/view?usp=drivesdk
Indian J Sci Technol 9 th,Gad,,,,https://drive.google.com/file/d/1Sj-Ycjl0LgW1NG5w13o0kUa5M6ylE03G/view?usp=drivesdk
Chapter 1,Frank Columbus,Journal (2011) ISSN: 1949-498X,2011,,https://drive.google.com/file/d/1TCkXEQTc1NFbU8uMduXJXhYRNeTORYgi/view?usp=drivesdk
2011 Bufo Cb Co mtDNA,Gad,"Science and Biotechnologies, 68(51-57)/2011",2011,,https://drive.google.com/file/d/1POshTAhgbkSpULo6HIga-E6oRdBsdKM0/view?usp=drivesdk
2011 FSH LH GH PRL Testis Bul. Anm. Biotec,Gad,"Science and Biotechnologies, 68(43-50)/2011",2011,,https://drive.google.com/file/d/1SRlOJPkfxP7ufZ1R3QkuSHfsp6vdUDk3/view?usp=drivesdk
This article appeared in a journal published by Elsevier. The attached,"Comparative Biochemistry and Physiology, Part A",journal published by Elsevier. The attached,2011,,https://drive.google.com/file/d/1ICM7Sc4Pd4uQ5lbNKpoIteWFo4VhTtcz/view?usp=drivesdk
doi:10.1530/JME-10-0065,,"ScienceandTechnology,Tel-HaiAcademicCollege,UpperGalilee12210,Israel",2011,,https://drive.google.com/file/d/16gox9977mRrduD6UuT6zhZm1Fy23OlTd/view?usp=drivesdk
Chapter 1,Frank Columbus,Journal (2011) ISSN: 1949-498X,2011,,https://drive.google.com/file/d/1Ubexzvejo3_VYkaFg1_91hotR0zyYPE0/view?usp=drivesdk
Microsoft Word - Growth scalare 1993.doc,gad,,,,https://drive.google.com/file/d/1TvaW5tM_3CR-eP4A9fjGgO93fDAi47DG/view?usp=drivesdk
"Temperature affects brain and pituitary gene expression related to reproduction and growth in the male blue gouramis, Trichogaster trichopterus",Temperature Affects Brain and,"ScienceandTechnology,Tel-HaiAcademicCollege,UpperGalilee,Israel",2011,,https://drive.google.com/file/d/1JYBLh9FzL30fnQQCIq37rgFcRhsdz62N/view?usp=drivesdk
29_11.fm,nakamura,"Science and Technology, Tel Hai Academic College, Galilee, ISRAEL",2010,,https://drive.google.com/file/d/1B7zKicIaQJhr0xuBL2iv5eFa9dsv6WvK/view?usp=drivesdk
Microsoft Word - Document4,gad,,2001,,https://drive.google.com/file/d/1h0ehnyyQtoIxU72VN62e4Vvoy7W4lZM2/view?usp=drivesdk
Microsoft Word - Document3,gad,,2001,,https://drive.google.com/file/d/1hxlCi8x9zL5BVnz1g9GmcoffGWZPhpSc/view?usp=drivesdk
Microsoft Word - Document2,gad,"reviewed and summarized. The data, collected from many",2001,,https://drive.google.com/file/d/1oE45zm1xz_Y8B1KnwfjUiv02wlLX1DAc/view?usp=drivesdk
Microsoft Word - Document1,gad,,2005,,https://drive.google.com/file/d/1j9ASxBdpFRbyyHNE7et-hU_feMjaujOS/view?usp=drivesdk
"146 The Israeli Journal of Aquaculture – Bamidgeh 56(2), 2004, 146-151.","Gregory Yom Din1*, Zinaida Zugman1and Gad Degani1,2","Journal of Aquaculture – Bamidgeh 56(2), 2004, 146-151.",2004,,https://drive.google.com/file/d/1pLSnMmv-rsCH04qOffeF0wFdUyTOvudX/view?usp=drivesdk
ZP577,,"ScienceandTechnology,Tel-HaiAcademicCollege,Upper",2010,,https://drive.google.com/file/d/1bg5RriDPU6TluPdR7BtNd7dEoYSEGMjm/view?usp=drivesdk
ZP577,,"ScienceandTechnology,Tel-HaiAcademicCollege,Upper",2010,,https://drive.google.com/file/d/1kHE2Y94uCetNNj6aRpPj7X3ZrwY_PWut/view?usp=drivesdk
Association between pituitary adenylate cyclase-activating polypeptide and reproduction in the blue gourami,"""Gal Levy; Karen Jackson; Gad Degani""",ScienceDirect,2010,,https://drive.google.com/file/d/1NEEz5cwnJkC2xSBAjGAcHVW7024Wi6NC/view?usp=drivesdk
PII: 0044-8486(86)90001-3,"Elsevier Science Publishers B.V., Amsterdam - Printed in The Netherlands","Science Publishers B.V., Amsterdam - Printed in The Netherlands",1986,,https://drive.google.com/file/d/1Pg42u2RtyVkqerynIR-22CufGzrNGDk1/view?usp=drivesdk
Microsoft Word - Document2,gad,,,,https://drive.google.com/file/d/1Rul8INAkI90R6OzB4-npnvZ4BR-Up59L/view?usp=drivesdk
Microsoft Word - Document1,gad,,,,https://drive.google.com/file/d/1F7dWSnYQXcc8ae08xqDDzkJz8_ugI5Od/view?usp=drivesdk
This article appeared in a journal published by Elsevier. The attached,General and Comparative Endocrinology,journal published by Elsevier. The attached,2010,,https://drive.google.com/file/d/1SwEdQ04_olsqI62UJz5WofJOxYXqKna3/view?usp=drivesdk
"ms-122 - goldberg, pearlson, nevo, degani.indd",© 2009 Brazilian Society of herpetology,"Journal of Herpetology, 4(3), 2009, 268‑274",2009,,https://drive.google.com/file/d/1nv_u3VWvIyLBsj6PVp6-GzcPwJmMkDV1/view?usp=drivesdk
O63-Hurvitz.pdf,Societe Francaise d'Ichtyologie,"nature, males and females",2005,,https://drive.google.com/file/d/1nhKFVCcyCUpoxzOfXgGdo32O_JwoZpPo/view?usp=drivesdk
DEPS-Dépliant,,"SciencesandScienceEducation,",1991,,https://drive.google.com/file/d/1GHAT57nox1U0-gCXgZPzG7hkH4MpB2hM/view?usp=drivesdk
DEPS-Dépliant,,"SciencesandScienceEducation,",1991,,https://drive.google.com/file/d/1L6fFOzh4BUErjO1UlHKZg6NV-sx2nDTh/view?usp=drivesdk
doi:10.1016/j.ygcen.2004.06.007,"Itai Tzchoria,b,*, Gad Deganib,c, Avshalom Hurvitzb, Boaz Moava","ScienceandTechnology,AcademicTel-HaiCollege,Israel",2004,,https://drive.google.com/file/d/1W3Yj63WUtNLhf_Yxqg1nDl1aJSJ9b29c/view?usp=drivesdk
doi:10.1016/j.ygcen.2004.09.019,"the Russian Sturgeon (Acipenser gueldenstaedtii), b-subunit mRNA","Sciences,DepartmentofAnimalSciences,TheHebrewUniversityofJerusalem,",2005,,https://drive.google.com/file/d/117mohfWkucKZ5Cg80vOLjY18f2ihu7l1/view?usp=drivesdk
PII: 0300-9629(79)90051-3,Biology Department. Technion. Haifa. Israel,,1978,,https://drive.google.com/file/d/11Aawxyrecs1pZOooU3bJ5X4GV5OqncMV/view?usp=drivesdk
PII: 0300-9629(86)90034-4,Printed in Great Britain 0 1986 Pergamon Press Ltd,,1986,,https://drive.google.com/file/d/1KmDWsfrvATb4oRR61mpEPh6f4px5h_Pw/view?usp=drivesdk
PII: 0044-8486(86)90336-4,"Elsevier Science Publishers B.V., Amsterdam - Printed in The Netherlands","Science Publishers B.V., Amsterdam - Printed in The Netherlands",1986,,https://drive.google.com/file/d/1rhkVEgV0__P2Tv8z9z1Yx2dK9wpXhpEz/view?usp=drivesdk
PII: 0144-8609(90)90027-W,Effect of Different Diets and Water ality on the,,1985,,https://drive.google.com/file/d/17gS_hO7sTL0RT8yBvo21bb8jhQnQpfqc/view?usp=drivesdk
PII: 0300-9629(86)90591-8,Printed in Great Britain Q 1986 Pergamon Press Ltd,,1986,,https://drive.google.com/file/d/1BDECbkAfPQMzfEUYvFOh_2adLjWXgdbv/view?usp=drivesdk
PII: 0300-9629(87)90419-1,Printed in Great Britain c 1987 Pergamon Journals Ltd,Journals Ltd,1987,,https://drive.google.com/file/d/1Br9dQm6wqUu95L4m9goS4WahvWOgkTMA/view?usp=drivesdk
PII: 0144-8609(91)90025-F,Short Communication,,1991,,https://drive.google.com/file/d/1iJt-9b6z35fzprw5SS0axAlX4J1TFM-4/view?usp=drivesdk
PII: 0305-0491(92)90406-H,Printed in Great Britain © 1992 Pergamon Press Ltd,,1992,,https://drive.google.com/file/d/1Ee8nz2csyGW59F5M_pb2gPOvei7nOWR4/view?usp=drivesdk
PII: 0044-8486(85)90205-4,"Elsevier Science Publishers B.V., Amsterdam - Printed in The Netherlands","Science Publishers B.V., Amsterdam - Printed in The Netherlands",1985,,https://drive.google.com/file/d/1qp3-HCEq4aKbI9FFx-yg40FXOZokrsTv/view?usp=drivesdk
Expression of the two cytochrome P450 aromatase genes in the male and female blue gourami (Trichogaster trichopterus) during the reproductive cycle,"""Meital Ezagouri; Svetlana Yom-Din; Doron Goldberg; Karen Jackson; Berta Levavi-Sivan; Gad Degani""",ScienceDirect,2008,,https://drive.google.com/file/d/1JYt4pJquMRtA-CHMaRDajHuAd5GGCg1e/view?usp=drivesdk
PII: 0044-8486(86)90029-3,"Elsevier Science Publishers B.V., Amsterdam - Printed in The Netherlands","Science Publishers B.V., Amsterdam - Printed in The Netherlands",1986,,https://drive.google.com/file/d/1v2g94E88sIVMpIg086PbCp_m66bU3-h2/view?usp=drivesdk
PII: 0300-9629(84)90233-0,Printed in Great Britain 0 1984 Pergamon Press Ltd,"Science McClanahan L. (1967) Adaptations of the spadefoot toad,",1984,,https://drive.google.com/file/d/13xBj7HrOuk9iYra7eBEYxEXENDRQFCzN/view?usp=drivesdk
PII: 0016-6480(92)90088-2,Sensitivity to Maturation-Inducing Steroids and Gonadotropin in the,"reviews, see Peter, 1981; Dodd and tion. Zhu et al. (1989) studied the effective-",1992,,https://drive.google.com/file/d/1GROstrP8vKzUyPsqKGP7BRV2fWUlEh0p/view?usp=drivesdk
PII: 0044-8486(88)90052-X,"Elsevier Science Publishers B.V., Amsterdam - Printed in The Netherlands","Science Publishers B.V., Amsterdam - Printed in The Netherlands",1988,,https://drive.google.com/file/d/1d4k9vh5EGg7zH0RnPu8AOibhMFpECf0Z/view?usp=drivesdk
PII: 0300-9629(86)90281-1,Printed in Great Britain Pergamon Journals Ltd,Journals Ltd,1986,,https://drive.google.com/file/d/1xsiLHglMbaWiLmZpVGftQcAQpi4MB54e/view?usp=drivesdk
PII: 0300-9629(85)90681-4,Printed in Great Britain 0 1985P ergamon Press Ltd,,1985,,https://drive.google.com/file/d/175PUVzjJZ0qcV7YEq7G5tljAKvIAeJcV/view?usp=drivesdk
PII: 0300-9629(86)90246-X,Printed in Great Britain Pergamon Journals Ltd,Journals Ltd,1986,,https://drive.google.com/file/d/1voWQCH0Qvk9nSACfAy_zeSyOWZDfQ88k/view?usp=drivesdk
PII: 0044-8486(86)90001-3,"Elsevier Science Publishers B.V., Amsterdam - Printed in The Netherlands","Science Publishers B.V., Amsterdam - Printed in The Netherlands",1986,,https://drive.google.com/file/d/1PMfDbclpErFhNh1lMBOOciU4zp7WFBRZ/view?usp=drivesdk
PII: 0044-8486(85)90149-8,"Elsevier Science Publishers B.V., Amsterdam -Printed in The Netherlands","Science Publishers B.V., Amsterdam -Printed in The Netherlands",1985,,https://drive.google.com/file/d/1cd_t79fSg7M345VS-7UoYR74GW4z73BO/view?usp=drivesdk
PII: 0300-9629(87)90391-4,Printed in Great Britain 0 1987P ergamonJ ournals Ltd,,1987,,https://drive.google.com/file/d/1SBP2E1OQwofNdUR6_M7Y9K-1mu5ly9JB/view?usp=drivesdk
PII: 0300-9629(86)90398-1,Printed in Great Britain Pergamon Journals Ltd,Journals Ltd,1986,,https://drive.google.com/file/d/1SM29c_u8kGd5js_dWVkGXvPTIhDQETio/view?usp=drivesdk
PII: 0300-9629(85)90163-X,Printed in Great Britain 0 1985P ergamon Press Ltd,,1985,,https://drive.google.com/file/d/1v2kd89qOPRn2KU6DCSxCP1lEZ6uDoIFe/view?usp=drivesdk
PII: 0300-9629(85)90491-8,Printed in Great Britain Q 1985 Pergamon Press Ltd,,1985,,https://drive.google.com/file/d/1jvC8_BuVb7ik5n6s35HJIanf6xYs-BpK/view?usp=drivesdk
PII: 0044-8486(89)90082-3,"Elsevier Science Publishers B.V., Amsterdam - Printed in The Netherlands","Science Publishers B.V., Amsterdam - Printed in The Netherlands",1989,,https://drive.google.com/file/d/1xZmW7cIMnMMs3mbXaGcoJguXVgK_Uz6U/view?usp=drivesdk
doi:10.1016/S0016-6480(03)00238-7,,"ScienceandTechnology,Tel-HaiAcademicCollege,12210UpperGalilee,Israel",2003,,https://drive.google.com/file/d/1vauGhCvyWwi7O3VOHVklRbrOfw2Cebxc/view?usp=drivesdk
PII: 0300-9629(88)91038-9,Printed in Great Britain Pergamon Press plc,,1988,,https://drive.google.com/file/d/1-llnh14hdduszxGzUgxjMO_V-jXB_G7P/view?usp=drivesdk
PII: 0305-0491(94)90135-X,© 1994 Elsevier Science Ltd,Science Ltd,1994,,https://drive.google.com/file/d/1oEhV_zkYxaWqKM9b-08LATUxLq03QGMe/view?usp=drivesdk
Brain gonadotropin releasing hormone3 expression variation during oogenesis and sexual behavior and its effect on pituitary hormonal expression in the blue gourami,G. Levy; Y. Gothilf; G. Degani,ScienceDirect,2009,,https://drive.google.com/file/d/1xMJMU41PLP2zqV3Rw6iQIRUiuNXDKAjM/view?usp=drivesdk
doi:10.1016/S1096-4959(03)00207-0,"G. Degania,b,*, D. Goldberga,b, I. Tzchoria,c, A. Hurvitza, S. Yom Dina, K. Jacksona,b","ScienceandTechnology,Tel-HaiAcademicCollege,Galilee,Israel",2003,,https://drive.google.com/file/d/1XKaqv1_bzKmKNgtqSCrre-x9M6fDY8bY/view?usp=drivesdk
PII: 0044-8486(87)90191-8,"Elsevier Science Publishers B.V., Amsterdam - Printed in The Netherlands","Science Publishers B.V., Amsterdam - Printed in The Netherlands",1987,,https://drive.google.com/file/d/1m7hKEuC1ohddlO_Wsw-P39M1_O8jLqqU/view?usp=drivesdk
PII: 0305-0491(94)90135-X,© 1994 Elsevier Science Ltd,Science Ltd,1994,,https://drive.google.com/file/d/1jgk2jrQ9sykx1EluR9x3Q0v_nKfQE9uk/view?usp=drivesdk
PII: 0144-8609(88)90024-6,The Relationship Between Ammonia Production and,Science,1988,,https://drive.google.com/file/d/1PyHdctBkNa9G3HloSBkb-duuTPHeaOSD/view?usp=drivesdk
PII: 0300-9629(86)90591-8,Printed in Great Britain Q 1986 Pergamon Press Ltd,,1986,,https://drive.google.com/file/d/1CQCi4pX87ZeoakOQM-A-5u0V5RvfGQXj/view?usp=drivesdk
PII: 0300-9629(85)90681-4,Printed in Great Britain 0 1985P ergamon Press Ltd,,1985,,https://drive.google.com/file/d/1SPF729P8O8o69JN0w1rIkgrqa_3dojA1/view?usp=drivesdk
PII: 0300-9629(84)90233-0,Printed in Great Britain 0 1984 Pergamon Press Ltd,"Science McClanahan L. (1967) Adaptations of the spadefoot toad,",1984,,https://drive.google.com/file/d/1FrUcrdGtm8jDoUSXY1kRF_d801igYNZD/view?usp=drivesdk
PII: 0300-9629(83)90430-9,Printed in Great B&in Q 1983 Pergamon Press Ltd,,1983,,https://drive.google.com/file/d/1rFYBU3pRpdG98W4MvbNi4d7Vw-n6yRZ5/view?usp=drivesdk
PII: 0300-9629(88)91038-9,Printed in Great Britain Pergamon Press plc,,1988,,https://drive.google.com/file/d/1lX8aAJ5-QwAykA9yQvlslBIZg9TwjRlO/view?usp=drivesdk
PII: 0300-9629(85)90163-X,Printed in Great Britain 0 1985P ergamon Press Ltd,,1985,,https://drive.google.com/file/d/1ZGG7O7uo___P83qrQo63F3V4CkXb8eub/view?usp=drivesdk
PII: 0300-9629(85)90491-8,Printed in Great Britain Q 1985 Pergamon Press Ltd,,1985,,https://drive.google.com/file/d/1hxXk2C7AaNG6Bs7phUcXIaRtIl4sXhCR/view?usp=drivesdk
PII: 0300-9629(84)90073-2,Printed in Great Britain ;: 1984 Pergamon Press Ltd,,1984,,https://drive.google.com/file/d/1E4s52q3gCohVG3Nt864HZgYjXRxMZKE0/view?usp=drivesdk
Ovarian Steroid Levels in Salamandra salamandra infraimmaculata during the Reproductive Cycle,"Degani, G., et al",Nature Conservation Board.,1997,,https://drive.google.com/file/d/1F_Ca8spOyShpaxTXUfvLrqPA9Cog47KP/view?usp=drivesdk
PII: 0300-9629(79)90051-3,Biology Department. Technion. Haifa. Israel,,1978,,https://drive.google.com/file/d/1GZJlPtWYoyw-lsrtKWtuQFiDs2YLCmud/view?usp=drivesdk
PII: 0300-9629(85)90885-0,Printed in Great Britain 0 1985P ergamon Press Ltd,,1985,,https://drive.google.com/file/d/1RlVpIj7KbVu3VhnVUIz0jbhd2vQhblr9/view?usp=drivesdk
Changes in plasma and pituitary GtH-II levels in vitro and in vivo in female blue gourami during the end of vitellogenesis and final oocyte maturation,Gloria,JOURNAL OF EXPERIMENTAL ZOOLOGY 279:377–385 (1997),1997,,https://drive.google.com/file/d/1IlAMEi1mQFLHl6KGP4whPp9jDQeBhXYo/view?usp=drivesdk
JEI_07_202_YomDin.qxp,Istaco 1,nature ...................................................................,2008,,https://drive.google.com/file/d/16_TDqVjA1oaWxqNSbSOyFofiWiKHGhaZ/view?usp=drivesdk
This article appeared in a journal published by Elsevier. The attached,"Comparative Biochemistry and Physiology, Part A",journal published by Elsevier. The attached,2009,,https://drive.google.com/file/d/1_ShLotTCq7cx9thSZd1LAemGg7CqJhRs/view?usp=drivesdk
This article appeared in a journal published by Elsevier. The attached,General and Comparative Endocrinology,journal published by Elsevier. The attached,2008,,https://drive.google.com/file/d/1fVsg2m5ZGe-SFGT0wQuzS1G6nTD9i70m/view?usp=drivesdk
Microsoft Word - Sexual development in Russian sturgeon.doc,avshalom,"Sciences, Department of",2001,,https://drive.google.com/file/d/1hqlp4sTScEPM-7WnT8AOu5jV6Ebe3pU6/view?usp=drivesdk
"Acta Herpetologica 2(2): 69-77, 2007",ISSN 1827-9643 (online) © 2007 Firenze University Press,"Science and Technology, Tel Hai Academic College, Galilee, Israel",2007,,https://drive.google.com/file/d/1DNmAz2na1WKZKI6anrzE5Xu7ze3vnIn4/view?usp=drivesdk
1גידול צלופחים,,,,,https://drive.google.com/file/d/1LNtlZgqLge4vE5ua-VaKaBDxd1CYyjNd/view?usp=drivesdk
1ענף הצלופחים בישראל,,,,,https://drive.google.com/file/d/1nSjaSXllhNYsds_9m9qXu0nEeC8sgVWp/view?usp=drivesdk
1השפעת זבל פרות,,,,,https://drive.google.com/file/d/1NooC93VGn5_LZC1Cgige2quOTCb2SdeI/view?usp=drivesdk
doi:10.1016/j.aquaculture.2007.05.020,"Avshalom Hurvitz a,b, Karen Jackson b,c, Gad Degani b,c, Berta Levavi-Sivan a,","Sciences,DepartmentofAnimalSciences,",2007,,https://drive.google.com/file/d/1J9X4LFK8PAem_QL0VEzR_wB8Ir3iQEZA/view?usp=drivesdk
השפעת זבל פרות,,,,,https://drive.google.com/file/d/1tIhbzN2CObLIOKLF8URPIji0myFSAPhC/view?usp=drivesdk
ענף הצלופחים בישראל,,,,,https://drive.google.com/file/d/17xis2JfLWhzmDzA1YSX2q4awNEb2XX2d/view?usp=drivesdk
16_Pearlson_Triturus:Layout 1.qxd,FrogMaN,"Science and Technology, Tel Hai Academic College, Galilee, Israel",2008,,https://drive.google.com/file/d/1tKds3VQoJxFD4OJYD-Mz2Lz8WBJ9yHPM/view?usp=drivesdk
1983 Cow Manure Oreochrmis Aureus Congress,,,,,https://drive.google.com/file/d/1vx33NJWAIyOLSZCbCJw0tkNFfRmkbSFT/view?usp=drivesdk
1883 Cow Manure Oreochrmis Aureus Congress,,,,,https://drive.google.com/file/d/1U-QmnCVPA6Zv-H2Zsj7Iwld7QB96-wZL/view?usp=drivesdk
1983 S Aurueus food cow manurs Congress,,,,,https://drive.google.com/file/d/1462apXjPV37s4kZYdCLLjM0G8kwCuiZC/view?usp=drivesdk
1990 Isozyme Anabantidae IJA,,,,,https://drive.google.com/file/d/1KGP6_VzcOzRahpVBArw-Pv7LxjW0-5iU/view?usp=drivesdk
1988 Body composition of catfish IJA2,,,,,https://drive.google.com/file/d/1Csn2gXA0l0_SmLeJECzgt0PwTJqq8Ymw/view?usp=drivesdk
1983 Microtus food Biol Behaviur,,,,,https://drive.google.com/file/d/19uP8hTSBLPuF0NhqHhcHm3m_UbzJkthb/view?usp=drivesdk
Microsoft Word - Prolactin Expression and cDNA Cloning of Blue Gourami.doc,gad,,2005,,https://drive.google.com/file/d/1WSCDHeIEUI9hpTvlvh1mpGAqQVGLKE_S/view?usp=drivesdk
Microsoft Word - 1987 Triturus hiding places.doc,gad,,,,https://drive.google.com/file/d/1EKvZqYm-KdR_w1vgs5ZkxT23Qz0m5WOj/view?usp=drivesdk
Microsoft Word - 1986 Microtus population control Isr. Inv. Eco.doc,gad,,,,https://drive.google.com/file/d/1KgfBaBtbK0wy4comMukSsyqo6jGZQFWb/view?usp=drivesdk
vol_50_2007.pdf,Andrei Ignat,,1982,,https://drive.google.com/file/d/1_5WezO8YJOLNGN8FsODjVQqgbvrvp7QV/view?usp=drivesdk
„Progrese şi Perspective în Medicina Veterinară” - Lucrări ştiinţifice vol. 50 161,Andrei Ignat,Reviews in Hydrobiology 75:763-773.,1977,,https://drive.google.com/file/d/1rLS_P8eEPg2gCIUgnkRmrSZjVi8lBsMJ/view?usp=drivesdk
„Progrese şi Perspective în Medicina Veterinară” - Lucrări ştiinţifice vol. 50 23,Andrei Ignat,"Sciences and Science Education, University of Haifa, Haifa, Israel",2001,,https://drive.google.com/file/d/1zue6b-YyS2m0S6DIs9KVSudMBC5q1QWT/view?usp=drivesdk
Microsoft Word - 1981 Moisture Selection Salamandra.doc,gad,,,,https://drive.google.com/file/d/1_wHkVhnlALDau-ndVgotWaAFpO6XyikI/view?usp=drivesdk
Microsoft Word - 1979 Food Salamandra tadpoles.doc,gad,,,,https://drive.google.com/file/d/1SYhEs0JHp0H0JOgO1oQs10L6TAmV-uQy/view?usp=drivesdk
Microsoft Word - 1989 Dan River Chemical Factors.doc,gad,,,,https://drive.google.com/file/d/1Tu64vLh6nwzFWsXKeMjb8POtTAV014B1/view?usp=drivesdk
Degani.indd,"Gad Degani, Ella Sela, Zalmen Henkin, Sigal Korem,",journal.com 71,2007,,https://drive.google.com/file/d/17B_uzH_9z0fy2EBZE_jATu7u1-2fpb2Y/view?usp=drivesdk
1986 Aeromonas eel IJA,,,,,https://drive.google.com/file/d/1mrsozBkrVsKLrlwsT5YYkYUc_-jWBEWi/view?usp=drivesdk
1985 Growth eel and Tilpia PFC,,,,,https://drive.google.com/file/d/1k1D8PomIhRz2nL_QOtVhQPQqbHBt67vX/view?usp=drivesdk
1984 Cow manure Tilpia and Catfish IJA,,,,,https://drive.google.com/file/d/1MWYuwpP6vn3EGSjIe-fXVgJEPTTMOpdn/view?usp=drivesdk
1987 Diet Salmon Rever VM,,,,,https://drive.google.com/file/d/1zD_RiTLSpwLzKmPCZQUPQ3MbiVLhppUR/view?usp=drivesdk
1990 Electroporetic Anabantidae IJA,,,,,https://drive.google.com/file/d/1TsbUFKqwec5ZbEaJPIIYAlhUY6vbNLNZ/view?usp=drivesdk
1988 Eietary effect catfish IJA,,,,,https://drive.google.com/file/d/1LeVD5fehTh5trbBXvaZynx-vYnArWCA1/view?usp=drivesdk
1992 GCMS Trichogster CBP,,,,,https://drive.google.com/file/d/1Lbxeq7sFSJLcjaqCgAAJ2bopu8N6mGHV/view?usp=drivesdk
Microsoft Word - Document8,Gad,,,,https://drive.google.com/file/d/1j6ydJixkieUaDSRBsiSxyqooIPvVN17z/view?usp=drivesdk
2001 Soil Inv Founa Pedobiolgia,,,,,https://drive.google.com/file/d/1kP4wh3OmadzZqOHy5sJQC7iKJyN4ydmu/view?usp=drivesdk
Microsoft Word - Document7,Gad,,,,https://drive.google.com/file/d/1pxmgumPHNOnlt7NLi_bDGltm9PzHwaY_/view?usp=drivesdk
Microsoft Word - Document6,Gad,,,,https://drive.google.com/file/d/1TaaqRsRzFXo32Nf-wxmETheeD3wlhW1h/view?usp=drivesdk
Microsoft Word - Document5,Gad,,,,https://drive.google.com/file/d/1VcN03JRniEKk4AfVcq8UYQZ_VzorINx9/view?usp=drivesdk
Microsoft Word - Document4,Gad,,,,https://drive.google.com/file/d/1n68N3c7gSHehh2lLtL8YGf6lflJUdyQv/view?usp=drivesdk
Microsoft Word - Document3,Gad,,,,https://drive.google.com/file/d/1u9gUeHw2tcIHbaVyzHfpYj0Ytp7FyTL4/view?usp=drivesdk
Microsoft Word - Document1,Gad,,,,https://drive.google.com/file/d/17KJspDcCZoAoEYBZzFn3EJaaQMmxPAHY/view?usp=drivesdk
Microsoft Word - Document2,Gad,,,,https://drive.google.com/file/d/1qgT9FYPyFzDGux-yjf_nHufosZ293MRB/view?usp=drivesdk
Microsoft Word - Document1,Gad,,,,https://drive.google.com/file/d/1bYahBY8s91W5n7_FWB2fn1nNybWUi_Po/view?usp=drivesdk
Microsoft Word - Document8,Gad,,,,https://drive.google.com/file/d/1Xw0B_OnZFbkOrFnr2h1zp9JN5xOoxt2I/view?usp=drivesdk
Microsoft Word - Document7,Gad,,,,https://drive.google.com/file/d/1_-Pugr3wehx06hSvwy1QUjLEf-QWxWDg/view?usp=drivesdk
Microsoft Word - Document6,Gad,,,,https://drive.google.com/file/d/1yMEPRMrnAwlj_aGatAKwoPiV1dnAxIrT/view?usp=drivesdk
Microsoft Word - Document3,Gad,,,,https://drive.google.com/file/d/168FutFm_b1cfgx5EeR_LWyZlkCpsaDFe/view?usp=drivesdk
Microsoft Word - Document2,Gad,,,,https://drive.google.com/file/d/11QBiFwdlbIrN4mamNzrDVuGwwhWWeZNI/view?usp=drivesdk
Microsoft Word - Document1,Gad,,,,https://drive.google.com/file/d/1jMWc-ITaUJFity7KMzdpSA1gM0wOJSOw/view?usp=drivesdk
Microsoft Word - Document1,Gad,,,,https://drive.google.com/file/d/1aXolDAkk6uJIjK-nTQNYPlsHMbHqpmsu/view?usp=drivesdk
Microsoft Word - Document1,Gad,,,,https://drive.google.com/file/d/1e88mmHUbhwjCvW4t1JsUJHhTlMfNGJOc/view?usp=drivesdk
Oogensis angelfish 1997.tif,Gad,,,,https://drive.google.com/file/d/18hcvD9NUiLSMi5qGhdpb22G8pIOns650/view?usp=drivesdk
Gth Male behavior IJF 1997.tif,Gad,,,,https://drive.google.com/file/d/1G_zgpfzlEPGShN3brEv2UUF4ocp73zSd/view?usp=drivesdk
GH steroid Femal Carp CBP - 1996.tif,Gad,,,,https://drive.google.com/file/d/1LzAQy85PVdaZIHyFYbFn7Usokx-R1-ZP/view?usp=drivesdk
Efects Diets on Reproduction angelfish 1996.tif,Gad,,,,https://drive.google.com/file/d/1C3XV3P25pLKhRC5rqPncUw7_PweoPvmO/view?usp=drivesdk
Model Trichogaster 1993.tif,Gad,,,,https://drive.google.com/file/d/18CVNFbglj_IUjFSq5CmC2fhAzl4igha5/view?usp=drivesdk
"124 The Israeli Journal of Aquaculture – Bamidgeh 58(2), 2006, 124-136.","1Faculty of Civil and Environmental Engineering, Technion - Israel Institute of Technology,","Journal of Aquaculture – Bamidgeh 58(2), 2006, 124-136.",2006,,https://drive.google.com/file/d/1op5Fwn7sGXXNIbb7EGDuOGXfGa7sPRjf/view?usp=drivesdk
"The Israeli Journal of Aquaculture – Bamidgeh 58(2), 2006, 71-77. 71",Gad Degani*,"Journal of Aquaculture – Bamidgeh 58(2), 2006, 71-77. 71",2006,,https://drive.google.com/file/d/1gBaesF8GYrWo1R5-2LK3Ga_c-8bw_WDf/view?usp=drivesdk
doi:10.1016/j.ygcen.2006.04.008,"Karen Jackson b,c, Avshalom Hurvitz a,b, Svetlana Yom Din a,b, Doron Goldberg b,","Sciences,DepartmentofAnimalSciences,",2006,,https://drive.google.com/file/d/1YXJkZxwGOqRxKZf4cCQlm6rtQgoXOx4g/view?usp=drivesdk
2006 Copy of GH Belontiidae IJA 2006,,,,,https://drive.google.com/file/d/1cPNA6xYSlNhbb-czAlXimGeVlFM9zog9/view?usp=drivesdk
"124 The Israeli Journal of Aquaculture – Bamidgeh 58(2), 2006, 124-136.","1Faculty of Civil and Environmental Engineering, Technion - Israel Institute of Technology,","Journal of Aquaculture – Bamidgeh 58(2), 2006, 124-136.",2006,,https://drive.google.com/file/d/1m7n8ZWA8dsDvLOJFPaFY70gwLpRbjUbx/view?usp=drivesdk
Microsoft Word - RAPD-PCR eel Growth JAT 2002.doc,Gad,,,,https://drive.google.com/file/d/1V8Mk43C8BdaHyd2BLjQPbXPq6t4mXErV/view?usp=drivesdk
Microsoft Word - Oxygen consemption Brit Herp 1983.doc,Gad,,,,https://drive.google.com/file/d/10rAayA6T9HaqyEoEpmWyAZo9KpE22nhI/view?usp=drivesdk
Microsoft Word - Salamandra Tem. Tole.doc,Gad,,,,https://drive.google.com/file/d/1VQ-SWzKqTxAeN0Hw1DIrikGIJ1t1zchG/view?usp=drivesdk
Microsoft Word - Cellular Trichogaster 2005 IJF.doc,Gad,,,,https://drive.google.com/file/d/1HqB5V3ZzhWT6b8i_Oe3hOEtIUrOyQpNO/view?usp=drivesdk
"PDF995, Job 3",gad,,2005,,https://drive.google.com/file/d/1g0RHjeyMzSI5HVReqMhvgUnDcXNXMARf/view?usp=drivesdk
"PDF995, Job 2",gad,,2005,,https://drive.google.com/file/d/1iALiG0KVo3NsnsjqRq-4URjRtlTfH_cA/view?usp=drivesdk
"PDF995, Job 3",gad,,2005,,https://drive.google.com/file/d/1LzfQ4ewaeeNvNZ6JJn6N_31wf6hG6520/view?usp=drivesdk
1989 Effect feed Claras Aqucult. 1989,Gad,,,,https://drive.google.com/file/d/1UvLPk0l_HY0FuAETORsIV6kyn23sLLGt/view?usp=drivesdk
1990 Effect iets water larvae Trichogater AE 1990,Gad,,,,https://drive.google.com/file/d/10iNlnvmmQhvoIthQ3qg_NxzymCFVuCVV/view?usp=drivesdk
"PDF995, Job 32",rutis,,2005,,https://drive.google.com/file/d/1amY-N_LClIN6HTOUjC9EKl2G6vucoBww/view?usp=drivesdk
1987 enzyme (aldolase) activity in hyperosmotic 1987.PDF,,,,,https://drive.google.com/file/d/1Kq7FRz8qvyBJzHUyq-YgAiOuWHMBk5Y7/view?usp=drivesdk
"PDF995, Job 2",rutis,,2005,,https://drive.google.com/file/d/1YJXgMRfq7b8qfiu3EgzWXWQ4jl9vdz6x/view?usp=drivesdk
"PDF995, Job 3",rutis,,2005,,https://drive.google.com/file/d/1XFCoO7Ap8Q4L1feyHp6zyUsOgyB4KB4t/view?usp=drivesdk
1998 GאH GH GמRH Blou gourami JAT 1998,Gad,,,,https://drive.google.com/file/d/1SwSXQT6HoWy78AjIpM2TiK7AXqK6rS1H/view?usp=drivesdk
"PDF995, Job 46",rutis,,2005,,https://drive.google.com/file/d/1uNULazaN0a2NjP6a3TCrklE6gEfaZj82/view?usp=drivesdk
"PDF995, Job 27",rutis,,2005,,https://drive.google.com/file/d/1R9blPTMs81iHZSFDVagn2s8_-8gv01mk/view?usp=drivesdk
"PDF995, Job 28",rutis,,2005,,https://drive.google.com/file/d/1euIZJt-NuGEfNeRRfYCyDOA1-up6eLRL/view?usp=drivesdk
"PDF995, Job 29",rutis,,2005,,https://drive.google.com/file/d/1b2pV7en7oGoBhkiJW6jktWY8VXOCzdVc/view?usp=drivesdk
"PDF995, Job 30",rutis,,2005,,https://drive.google.com/file/d/1HQtPJO4dg21cY7c_a-68JJd1HMpn7vzV/view?usp=drivesdk
"PDF995, Job 31",rutis,,2005,,https://drive.google.com/file/d/1-L4rVpBDYBU7IIDz8FKGmFitCCnGcorJ/view?usp=drivesdk
"PDF995, Job 39",rutis,,2005,,https://drive.google.com/file/d/1tAfzHBAQmntuV3Ok6vMQyl9MxVAC6Vrp/view?usp=drivesdk
1986 the influence of different feeds on 1986.PDF,,,,,https://drive.google.com/file/d/1dcNRHTWgcG4vcN84-jwlAr6NTHgorjLl/view?usp=drivesdk
"PDF995, Job 43",rutis,,2005,,https://drive.google.com/file/d/1cG6kutSp4PF8UCm3BdvBdhiFHB8P8iGo/view?usp=drivesdk
"PDF995, Job 44",rutis,,2005,,https://drive.google.com/file/d/1H0dwcHz4o26iWoKYP-81-4Wi_Mt1EFvV/view?usp=drivesdk
"PDF995, Job 45",rutis,,2005,,https://drive.google.com/file/d/1Chle8ycrmLCqcGGlsgzOkHboZ7MxQTOL/view?usp=drivesdk
"PDF995, Job 26",rutis,,2005,,https://drive.google.com/file/d/1R9mU4HuAX4LSM2_Jight7Jx5x1QDN84q/view?usp=drivesdk
"PDF995, Job 32",rutis,,2005,,https://drive.google.com/file/d/1n939VjJJD3VkAzJMaBiAn-9Zrn_WNhNk/view?usp=drivesdk
"PDF995, Job 38",rutis,,2005,,https://drive.google.com/file/d/1rJcv4mWUT0wvZsZeZhiYvxhGf-MvHbOL/view?usp=drivesdk
"PDF995, Job 7",rutis,,2005,,https://drive.google.com/file/d/1HJVhMcnz11VcpLfJtVR-g8myKkGpgzCB/view?usp=drivesdk
"PDF995, Job 8",rutis,,2005,,https://drive.google.com/file/d/1Bw3gUa8fSs-JtQqi-mNIdQRbyEAnFynO/view?usp=drivesdk
"PDF995, Job 10",rutis,,2005,,https://drive.google.com/file/d/1ITGRqXSIBLNsc7iUZagZ8lLkZJduYPTk/view?usp=drivesdk
"PDF995, Job 11",rutis,,2005,,https://drive.google.com/file/d/1D8Yk_fLxcxWGdGd4IuzcI0TShWJ0_Uum/view?usp=drivesdk
"PDF995, Job 25",rutis,,2005,,https://drive.google.com/file/d/1oh08WAdzk3sJxlykZZk4BxqLjtpaqISQ/view?usp=drivesdk
"PDF995, Job 36",rutis,,2005,,https://drive.google.com/file/d/1P5UjbDNsDvLhTT4faFsjBAYMRTVNlerE/view?usp=drivesdk
"PDF995, Job 5",rutis,,2005,,https://drive.google.com/file/d/1vBVckqnH6k2d2TzFiMXVlzNcy-c4Hrx6/view?usp=drivesdk
"PDF995, Job 35",rutis,,2005,,https://drive.google.com/file/d/1hXbYFttotP0KFw8Fxah06q5LEcqjZHlO/view?usp=drivesdk
"PDF995, Job 24",rutis,,2005,,https://drive.google.com/file/d/16IhGLxXHqZwVm6wY4_TXdQh8xBrZstJl/view?usp=drivesdk
"PDF995, Job 23",rutis,,2005,,https://drive.google.com/file/d/1TkLdX0ze6fmuoDOEf62Moyj8Z_28q-Vx/view?usp=drivesdk
"PDF995, Job 22",rutis,,2005,,https://drive.google.com/file/d/1FHeI5C4RivH-JcI5jLOyMQAqqGqyzCFw/view?usp=drivesdk
"PDF995, Job 21",rutis,,2005,,https://drive.google.com/file/d/1xgg7qSze87FpQruWeKjfzUwTxp8LlDlL/view?usp=drivesdk
"PDF995, Job 20",rutis,,2005,,https://drive.google.com/file/d/1bpfmKWmhrUqvVwTl2jZd8AJElVosWkir/view?usp=drivesdk
"PDF995, Job 18",rutis,,2005,,https://drive.google.com/file/d/1mDhSIcCA2fwHm2PlRCrhomSv3nzdi_7i/view?usp=drivesdk
"PDF995, Job 17",rutis,,2005,,https://drive.google.com/file/d/1Fi5UOWK3wdN_YfYZ1AjbkYkzkfJvEVKP/view?usp=drivesdk
"PDF995, Job 16",rutis,,2005,,https://drive.google.com/file/d/1uehX5yHjWVwlqX8k7E-EitsJli_KHomk/view?usp=drivesdk
"PDF995, Job 15",rutis,,2005,,https://drive.google.com/file/d/1kErpDgwQygYUm1DjBY--NYGYwmwJ_Otb/view?usp=drivesdk
"PDF995, Job 14",rutis,,2005,,https://drive.google.com/file/d/1ByHZjdV0FQ-MXs4PowBO0kOjmGVq-HHM/view?usp=drivesdk
"PDF995, Job 5",gad,,2005,,https://drive.google.com/file/d/1jxppvcBIXKQYhxXELmL2rHr4c5O0b1Pb/view?usp=drivesdk
"PDF995, Job 3",gad,,2005,,https://drive.google.com/file/d/1FXLuk2tuB_W97U60zlZ4FXcZ9VIjbDl5/view?usp=drivesdk
1991 Growth eel shelter AE 1991,Gad,,,,https://drive.google.com/file/d/1BKy1PQvaH7tHBs4irToNV-Y3rUX73S4z/view?usp=drivesdk
1991 Digestive carp tilapia cat fish AFM 1991,Gad,,,,https://drive.google.com/file/d/1IeLuThcnblDaaLQVqa2RFK1yRYo3fWaA/view?usp=drivesdk
1991 Feeding Tilpia Manure IJA 1991,Gad,,,,https://drive.google.com/file/d/1FPybnuKjMkV9kx_itb5vVUpio1_E2EPf/view?usp=drivesdk
1991 Dieg density effect larvae blue gourani JAT -1991,Gad,,,,https://drive.google.com/file/d/18kMXOu5oPhu_sSKCR2SvqhtsnzqsZqb5/view?usp=drivesdk
1991 Carp Tilpia in Pond JAAS 1992,Gad,,,,https://drive.google.com/file/d/18vroXsvEBomcje5P7uPFXU8WSZemMIqt/view?usp=drivesdk
1992 Insulin eel growth FPB 1992,Gad,,,,https://drive.google.com/file/d/1n3ogvmVKTYLu2OZDpM5GdGTxjP25WVHm/view?usp=drivesdk
1992 Induction maturation Blue Gourami JEZ 1992,Gad,,,,https://drive.google.com/file/d/1HLewjdqpeR7QIZq8stmxoIeA_52FefYg/view?usp=drivesdk
1992 Seroidds and GtH GCE - 1992,Gad,,,,https://drive.google.com/file/d/1jA_R4JiP7fWLBUY3ak1mzaOf158uiyf8/view?usp=drivesdk
1992 Morphology and electrophoresis Salamandra ZA 1992,Gad,,,,https://drive.google.com/file/d/1yQPPZOJC5NbaHY4umJjhR4LxiADL-3x2/view?usp=drivesdk
1992 Growth larvae blue gourami AFM 1992,Gad,,,,https://drive.google.com/file/d/1HEfGVJNy2_rvrxQy3XLx5gz51ofhBY-h/view?usp=drivesdk
1992 Founal River Dan Hydro. 1992,Gad,,,,https://drive.google.com/file/d/12TTmZFoJbC8HZyQueQ5ucD-Yt8hZjlSK/view?usp=drivesdk
1992 Estradiol sex determination eel PFC 1992,Gad,,,,https://drive.google.com/file/d/1XeDOQ2YOioGgMBDGSec8sZUU5wnw5oar/view?usp=drivesdk
Microsoft Word - Sources carbhydrates eel JAT 1988.doc,Gad,,,,https://drive.google.com/file/d/1-lqoKV-_YfAhr9yW2C36DsCt_fUoQq-X/view?usp=drivesdk
Microsoft Word - Relationship invertebrate Dan river Hydro - 1993.doc,Gad,,,,https://drive.google.com/file/d/18FpSq14N49oUhISM3312TqjRdeTwD_Zj/view?usp=drivesdk
Microsoft Word - Pheromone male blue gourami JFB 1993.doc,Gad,,,,https://drive.google.com/file/d/1eRBDFyF4PE0rwKQqyKlXO2bsnRBeukDI/view?usp=drivesdk
Microsoft Word - Biosyntesis of steroids in Trichogaster CBP 1994.doc,Gad,,,,https://drive.google.com/file/d/1aWIX3BlsJDS5C_SJgNotCEx7I9Ve1MjX/view?usp=drivesdk
Microsoft Word - Efect GtH and Steroids on Vitellogenesis Trichogaster JAT …,Gad,,,,https://drive.google.com/file/d/1jSJ89YmOnujM51lRo5bosazQyNjoqYNT/view?usp=drivesdk
"PDF995, Job 6",gad,,2005,,https://drive.google.com/file/d/1JCjQReD0LSe28UTJEM5dHHU6ot58vYeJ/view?usp=drivesdk
"PDF995, Job 5",gad,,2005,,https://drive.google.com/file/d/14sSkSoAlhgbtD6BlCZPEUAtsznWzNB_Z/view?usp=drivesdk
"PDF995, Job 4",gad,,2005,,https://drive.google.com/file/d/1ecgGD2k48MkQQtruhDqgP6Kz9Q27AgaN/view?usp=drivesdk
"PDF995, Job 3",gad,,2005,,https://drive.google.com/file/d/1FN8tQwt0fbBupFqZenxc6hPisHOu7vVI/view?usp=drivesdk
"PDF995, Job 7",gad,,2005,,https://drive.google.com/file/d/1WdY5srGMwlE1BnXVrD6ahIKGeMLZq4Gk/view?usp=drivesdk
"PDF995, Job 5",gad,,2005,,https://drive.google.com/file/d/1Wcr9Mld3r-ZirGnXYv2SlrxEjypMxlsX/view?usp=drivesdk
"PDF995, Job 2",gad,,2005,,https://drive.google.com/file/d/1zsrK4qgDQRfPWzf9iB0PoXUepPpJ-EOx/view?usp=drivesdk
Microsoft Word - Document4,Gad,,,,https://drive.google.com/file/d/1x5QZOni0nCOnQ5YGIUWJwNM0alAeA3kC/view?usp=drivesdk
Microsoft Word - Document3,Gad,,,,https://drive.google.com/file/d/16fVrOOghAGOtEcTdR10V_lu6mXmTXVWe/view?usp=drivesdk
Microsoft Word - Document3,Gad,,,,https://drive.google.com/file/d/1wVunXNLyHivHNKZWnr-iR4Iby7-_HEVZ/view?usp=drivesdk
"PDF995, Job 5",gad,,2005,,https://drive.google.com/file/d/1SCytBlZHPBNFCpyK1pRIS8WJMgWjBwUZ/view?usp=drivesdk
"PDF995, Job 4",gad,,2005,,https://drive.google.com/file/d/16CGuAegLXYx-G81zdoGQHrUuFZpB3DEp/view?usp=drivesdk
"PDF995, Job 3",gad,,2005,,https://drive.google.com/file/d/10uzSvnd1MUcT8KImEvcHFrgrFX97rEs0/view?usp=drivesdk
"PDF995, Job 10",gad,,2005,,https://drive.google.com/file/d/1ni5YnU6LFpTS5DZ4gFw_TEf9H10umkEc/view?usp=drivesdk
"PDF995, Job 9",gad,,2005,,https://drive.google.com/file/d/154yfF-qzyjB4KYxIuw6lkpjRalVawCkh/view?usp=drivesdk
"PDF995, Job 8",gad,,2005,,https://drive.google.com/file/d/1AzB4ZUAKMwpUy71slUpa_T9xWQGmvHYX/view?usp=drivesdk
"PDF995, Job 6",gad,,2005,,https://drive.google.com/file/d/1z5lHuh-Yrx1iTYl8JIRtoTiH7vi753fi/view?usp=drivesdk
"PDF995, Job 4",gad,,2005,,https://drive.google.com/file/d/15YnR8C5a_Uyjm_yCp-qVFXdvqC2MkiBW/view?usp=drivesdk
"PDF995, Job 3",gad,,2005,,https://drive.google.com/file/d/1bfFvspfo5bOYYaQLvLDC9oZSd6OlnWcT/view?usp=drivesdk
"PDF995, Job 2",rutis,,2005,,https://drive.google.com/file/d/1X1eYUfr82hjIWooroSIdVALIkAD11BBB/view?usp=drivesdk
"PDF995, Job 12",rutis,,2005,,https://drive.google.com/file/d/1OQA0tJcBPlFauRW59NmIX15pTwKeiDJB/view?usp=drivesdk
"PDF995, Job 2",rutis,,2005,,https://drive.google.com/file/d/1BhRQXJ9ChYwZY-41C1fWmQ0GId_bX7HN/view?usp=drivesdk
"PDF995, Job 4",rutis,,2005,,https://drive.google.com/file/d/1NXLqCWppscyfM1YRh5OBlHeCYzP7ZWfD/view?usp=drivesdk
"PDF995, Job 3",rutis,,2005,,https://drive.google.com/file/d/1kpfxai6mArFTVkhIQ4ttx_fX3LxjeJFt/view?usp=drivesdk
"PDF995, Job 2",rutis,,2005,,https://drive.google.com/file/d/1pxReAnKG8YIMMdlgaePbBY1uRki2Y44B/view?usp=drivesdk
"PDF995, Job 6",rutis,,2005,,https://drive.google.com/file/d/1E2JfDUR8-dmx2w4jQECgVi4qGK4l6gTR/view?usp=drivesdk
"PDF995, Job 5",rutis,,2005,,https://drive.google.com/file/d/1lDTI0EjaGSdMVLsMDRu5slBzDx8spWKK/view?usp=drivesdk
"PDF995, Job 5",rutis,,2005,,https://drive.google.com/file/d/1D2IGnLZ-DBSVb45lTQKzby3MQXHBhDFu/view?usp=drivesdk
"PDF995, Job 4",rutis,,2005,,https://drive.google.com/file/d/1znTdG7LvviOXfpB12dWa-GWSpKu7MSKH/view?usp=drivesdk
"PDF995, Job 3",rutis,,2005,,https://drive.google.com/file/d/1vdctuUnDoSr_WlaXXgdZnjJnDm7gjXPk/view?usp=drivesdk
"PDF995, Job 5",gad,,2005,,https://drive.google.com/file/d/1RB3TrlVETUJ2wZcqpnbd8EefU374XQhE/view?usp=drivesdk
"PDF995, Job 4",gad,,2005,,https://drive.google.com/file/d/1L9IGNbjSU0ob4UFi2Uty-IsH-8gZW5_M/view?usp=drivesdk
"PDF995, Job 5",rutis,,2005,,https://drive.google.com/file/d/1FGg3Z21_x5vapXxIvsSKlTfTiolIofF9/view?usp=drivesdk
"PDF995, Job 6",rutis,,2005,,https://drive.google.com/file/d/1Javphib4kpGUz9UwMTTKPxznKPUt9qjg/view?usp=drivesdk
"PDF995, Job 8",rutis,,2005,,https://drive.google.com/file/d/1CmhcdmM81BMMtYVoUIfgmNgYYmI6sdd8/view?usp=drivesdk
"PDF995, Job 10",rutis,,2005,,https://drive.google.com/file/d/1jIwwsHAk-3ovSAictTUcBVrLv-1RyNV6/view?usp=drivesdk
"PDF995, Job 16",rutis,,2005,,https://drive.google.com/file/d/1Y6p4MJZzloevcPJ-HOihkSRv6FOgHY03/view?usp=drivesdk
Print Untitled (3 pages),,,,,https://drive.google.com/file/d/1V2ZBp9QQd_7HjkyPxRedMHbi4HVB79a-/view?usp=drivesdk
A total of XXX individuals of the russean sturgeon A,Karen,"Sciences, Department of Animal",,,https://drive.google.com/file/d/1ZVV4GdaTuUioRje0VnHd8kSeNxl48N8l/view?usp=drivesdk
"PDF995, Job 2",gad,,2005,,https://drive.google.com/file/d/1ft9-NOxcCoajO8Sg91RtqPWG6AptwFYY/view?usp=drivesdk
1998 Growth hormone carp males CBP- 1998,Gad,,,,https://drive.google.com/file/d/1lE5GThc-1UQ6i20emMlBYOT_RQgGwZ5g/view?usp=drivesdk
1998 Fish community structure Lake Agmone - Wetlands and Management 1998,Gad,,,,https://drive.google.com/file/d/1H9NLJrY5uESxPToyZlaqH8R1feghaHB_/view?usp=drivesdk
"1998 Food fish community in Lake Agmone, Hydrobiologia 1998",Gad,,,,https://drive.google.com/file/d/18Jfrg8Y33wbdr0gyJPSqMwtGItYszeLu/view?usp=drivesdk
1999 Secretion of Growth hormone cell culture of carp JAT-1999,Gad,,,,https://drive.google.com/file/d/18K07xMXqkZytiR-CN2PkQ0Gp1Lsv9C6K/view?usp=drivesdk
1999 Molecular DNA Salamandra salamandra IJZ-1999,Gad,,,,https://drive.google.com/file/d/1FrurhNziUkAq69EdgRA_jLaZ6WDz6ltq/view?usp=drivesdk
2000 Eel Culture - Encycloeia of Aquculture a- 2000,Gad,,,,https://drive.google.com/file/d/1DCpcmTYHG_UVWDhNvztEbjilGd8Ur1fM/view?usp=drivesdk
2000 Application RAPD in Cichlidae in Israel JAT -2000,Gad,,,,https://drive.google.com/file/d/143pbHGnfshICsY87Noyj7wdYsQp882bf/view?usp=drivesdk
2000 Molecular DNA variation in Koi IJA - 2000,Gad,,,,https://drive.google.com/file/d/1z1KuJs1JuqaPqMn2ySvpNubtUdMNcMXq/view?usp=drivesdk
2000 Ovarian Cycle Patterns of Salamandra JH 2000,Gad,,,,https://drive.google.com/file/d/1UKvElJGmysK4QrDqtmduUe5JrLd3tFLq/view?usp=drivesdk
2002 Digestable energy of protein in blue gourani IJF -2002,Gad,,,,https://drive.google.com/file/d/1qxwHYjcs_yH_SJXNQX6QpiGrS1tCDRke/view?usp=drivesdk
2002 Evaluating Innovaations in the Ormamentl Fish Indeustry JAA 2002,Gad,,,,https://drive.google.com/file/d/1N2rFDHYmqe_HcTH2uzxcZU51PNK0g0Gx/view?usp=drivesdk
"? GtH-I, ? GtH-II and growth hormone gene expression in the female blue gourami (Trichogaster trichopterus, Pallas 1770)...",gadi,"Science and Technology,",1994,,https://drive.google.com/file/d/1eRgFHDBO_b4o6aLUMrnHQpElNSShUKRN/view?usp=drivesdk
Chapter 3.pmd,pakaj,Science,1983,,https://drive.google.com/file/d/1RFZBt4t84mAIbaYFyZTo7N75EyPe0xHJ/view?usp=drivesdk
Are0709 725..728,,,,,https://drive.google.com/file/d/1eJFUE_7e8Rpi8Hn10z6w6XhCf2uaOUp6/view?usp=drivesdk
Ovarian Steroid Levels in Salamandra salamandra infraimmaculata during the Reproductive Cycle,"Degani, G., et al",Nature Conservation Board.,1997,,https://drive.google.com/file/d/1fjBkDen95y8agn52VCRvbHv0WAsuCTs6/view?usp=drivesdk
Oogenesis and the ovarian cycle in Salamandra salamandra infraimmaculata Mertens (Amphibia; Urodela; Salamandridae) in fringe areas of the taxon's distribution,Oogenesis and the Ovarian Cycle inSalamandrasalamandra,JOURNALOFMORPHOLOGY231:149–160(1997),1997,,https://drive.google.com/file/d/1wA1GJewXG8SWfATlsaT1CEKen2k2gsaF/view?usp=drivesdk
ZOOLOGICAL SCIENCE 20: 737–743 (2003)  2003 Zoological Society of Japan,"FSH, LH and Growth Hormone Gene Expression in Blue",SCIENCE 20: 737–743 (2003)  2003 Zoological Society of Japan,2003,,https://drive.google.com/file/d/1F2GHusAbHi6ecPORP_6nPPHy2frtjdKG/view?usp=drivesdk
"AquacultureResearch, 2004, 35, 807^815 doi:10.1111/j.1365-2109.2004.01071.x",,"ScienceandTechnology,Israel",2004,,https://drive.google.com/file/d/1cu7A-X7dSlIntbE0Ro7MpU25IFmUt9UD/view?usp=drivesdk
177,"1MIGAL, Galilee Technological Center, Kiryat Shmona 10200, Israel","JournalofMolecularEndocrinology(1999)23,177–187",1999,,https://drive.google.com/file/d/1MmRWFhvMENydUorZx1d2mIGWS6QVX0ux/view?usp=drivesdk
"? GtH-I, ? GtH-II and growth hormone gene expression in the female blue gourami (Trichogaster trichopterus, Pallas 1770)...",gadi,"Science and Technology,",2004,,https://drive.google.com/file/d/1zxlwdjJbjXzdyG8K-Z9OuttwKvt0wng8/view?usp=drivesdk
215-229.pmd,pankaj,Journal of Aquaculture in the Tropics August 2004,1971,,https://drive.google.com/file/d/1j0hvTjuCRf37CUBFb_RzStnOouHYYrMO/view?usp=drivesdk
"AquacultureResearch, 2004, 1^7 doi:10.1111/j.1365-2109.2004.01129.x",,"ScienceandTechnology,AcademicTel-HaiCollege,Israel",2004,,https://drive.google.com/file/d/1LmOsUYhtqBytLdV-sLDF2meB1TW1Fa8H/view?usp=drivesdk
doi:10.1016/j.ygcen.2004.06.007,"Itai Tzchoria,b,*, Gad Deganib,c, Avshalom Hurvitzb, Boaz Moava","ScienceandTechnology,AcademicTel-HaiCollege,Israel",2004,,https://drive.google.com/file/d/1_xALgbpBcbbFgKocLzudixVxa5H1_cFT/view?usp=drivesdk
doi:10.1016/S0016-6480(03)00238-7,,"ScienceandTechnology,Tel-HaiAcademicCollege,12210UpperGalilee,Israel",2003,,https://drive.google.com/file/d/1YOnEXli8DLrQu4bKWSBr2ElGgorq4JBm/view?usp=drivesdk
doi:10.1016/S1096-4959(03)00207-0,"G. Degania,b,*, D. Goldberga,b, I. Tzchoria,c, A. Hurvitza, S. Yom Dina, K. Jacksona,b","ScienceandTechnology,Tel-HaiAcademicCollege,Galilee,Israel",2003,,https://drive.google.com/file/d/19JfYye4gIxaILVAct4hhEOeWfBXb3pw-/view?usp=drivesdk
"146 The Israeli Journal of Aquaculture – Bamidgeh 56(2), 2004, 146-151.","Gregory Yom Din1*, Zinaida Zugman1and Gad Degani1,2","Journal of Aquaculture – Bamidgeh 56(2), 2004, 146-151.",2004,,https://drive.google.com/file/d/1Q1yWkVnBGRR6Pu3ybHjpOR1adJKFR6sI/view?usp=drivesdk
"86 The Israeli Journal of Aquaculture – Bamidgeh 55(2), 2003, 86-93.",Gad Degani,"Journal of Aquaculture – Bamidgeh 55(2), 2003, 86-93.",2003,,https://drive.google.com/file/d/1NbeAVCcobldzoJLeZRNxyfcTEkmF1_IU/view?usp=drivesdk
"AquacultureResearch, 1997, 28,575–580",,ScienceLtd. 575,1997,,https://drive.google.com/file/d/1nWsEvi1h8wYL_DfROAnoi-ZhQ6RWVwwr/view?usp=drivesdk
doi:10.1016/j.ygcen.2004.09.019,"the Russian Sturgeon (Acipenser gueldenstaedtii), b-subunit mRNA","Sciences,DepartmentofAnimalSciences,TheHebrewUniversityofJerusalem,",2005,,https://drive.google.com/file/d/1-TjZ88Zw8eFOOQogxfKkOm-Ae_ggJiOw/view?usp=drivesdk
aqua$$$825,,"review:Cho&Kaushik1985),includingcarp(Viola",1997,,https://drive.google.com/file/d/12qfKpr5gNppOakZ2t9E2l8cG_uH4ophq/view?usp=drivesdk
